Date;Time;Speed;Running;Battery Voltage;GSM signal strength;Odometer (Server);Satellites;Temperature A;Humidity A
2017-06-05;09:13;;;86;94;;;23.1;46
2017-06-05;09:13;;;91;;;;;45.4
2017-06-05;09:15;;;;81;;;;
2017-06-05;09:18;;;;100;;;;47.8
2017-06-05;09:18;;;;;;;23.1;46
2017-06-05;09:21;;;91;;;;23.2;47.8
2017-06-05;09:23;;;;100;;;23.3;46.6
2017-06-05;09:24;;;;97;;;;50.3
2017-06-05;09:27;;;91;90;;;23.4;46
2017-06-05;09:28;;;100;97;;;23.7;45.4
2017-06-05;09:28;;;;;;;23.8;44.8
2017-06-05;09:30;;;;;;;;44.2
2017-06-05;09:33;;;100;97;;;24.1;44.9
2017-06-05;09:33;;;;;;;;44.2
2017-06-05;09:36;;;;94;;;24.4;44.3
2017-06-05;09:38;;;100;97;;;24.5;
2017-06-05;09:39;;;;94;;;24.6;
2017-06-05;09:43;;;;;;;24.7;43.7
2017-06-05;09:43;;;100;;;;;
2017-06-05;09:48;;;100;94;;;24.8;43.7
2017-06-05;09:52;;;;;;;;43.1
2017-06-05;09:53;;;100;94;;;24.7;43.7
2017-06-05;09:57;;;;97;;;24.6;
2017-06-05;09:58;;;100;;;;;43.7
2017-06-05;10:00;;;;94;;;;
2017-06-05;10:03;;;100;;;;24.5;44.3
2017-06-05;10:04;;;;97;;;;
2017-06-05;10:07;;;;94;;;;
2017-06-05;10:08;;;100;;;;24.5;45.5
2017-06-05;10:10;;;;;;;;44.9
2017-06-05;10:13;;;;94;;;24.4;44.3
2017-06-05;10:13;;;100;97;;;;44.9
2017-06-05;10:18;;;100;97;;;24.4;44.9
2017-06-05;10:18;;;;100;;;;
2017-06-05;10:21;;;;97;;;24.3;45.5
2017-06-05;10:23;;;100;94;;;;
2017-06-05;10:28;;;;97;;;24.2;44.9
2017-06-05;10:28;;;100;94;;;;46.1
2017-06-05;10:31;;;;97;;;24.1;
2017-06-05;10:33;;;100;;;;;45.5
2017-06-05;10:37;;;;94;;;24.1;
2017-06-05;10:38;;;100;;;;;45.5
2017-06-05;10:43;;;100;94;;;24;45.5
2017-06-05;10:48;;;100;94;;;23.8;46.7
2017-06-05;10:49;;;;;;;;46
2017-06-05;10:53;;;100;94;;;23.6;46.6
2017-06-05;10:55;;;;97;;;;
2017-06-05;10:58;;;;;;;23.5;
2017-06-05;10:58;;;100;;;;;46.6
2017-06-05;11:03;;;;97;;;;
2017-06-05;11:03;;;100;;;;23.5;47.2
2017-06-05;11:08;;;100;97;;;23.4;46.6
2017-06-05;11:13;;;100;97;;;23.3;47.2
2017-06-05;11:18;;;100;100;;;23.3;47.2
2017-06-05;11:19;;;;97;;;;46.6
2017-06-05;11:23;;;100;94;;;23.3;
2017-06-05;11:26;;;;97;;;;46.6
2017-06-05;11:28;;;100;;;;23.3;
2017-06-05;11:33;;;97;97;;;23.3;46.6
2017-06-05;11:38;;;97;97;;;23.3;47.2
2017-06-05;11:43;;;97;97;;;23.3;46.6
2017-06-05;11:44;;;;;;;;46
2017-06-05;11:47;;;;;;;23.4;46.6
2017-06-05;11:48;;;97;97;;;;46
2017-06-05;11:51;;;;;;;;46.6
2017-06-05;11:53;;;97;97;;;23.3;46
2017-06-05;11:54;;;;;;;23.4;46.6
2017-06-05;11:56;;;;94;;;;
2017-06-05;11:58;;;97;97;;;23.5;
2017-06-05;11:59;;;;94;;;23.4;46
2017-06-05;12:03;;;97;;;;23.5;
2017-06-05;12:08;;;97;94;;;23.4;46.6
2017-06-05;12:11;;;;97;;;;
2017-06-05;12:13;;;;94;;;;
2017-06-05;12:13;;;94;;;;23.4;46
2017-06-05;12:16;;;97;97;;;;46.6
2017-06-05;12:18;;;;;;;23.4;46
2017-06-05;12:20;;;94;94;;;23.5;
2017-06-05;12:23;;;97;;;;23.4;46
2017-06-05;12:23;;;94;;;;;45.4
2017-06-05;12:28;;;;97;;;23.5;
2017-06-05;12:29;;;94;;;;;46
2017-06-05;12:33;;;;97;;;23.5;
2017-06-05;12:35;;;94;;;;;45.4
2017-06-05;12:38;;;;97;;;23.5;46
2017-06-05;12:38;;;;94;;;;
2017-06-05;12:43;;;94;;;;;45.4
2017-06-05;12:43;;;100;;;;23.5;
2017-06-05;12:46;;;;94;;;23.8;44.8
2017-06-05;12:48;;;;;;;24.1;44.2
2017-06-05;12:49;;;100;97;;;24.3;44.3
2017-06-05;12:52;;;;;;;24.5;
2017-06-05;12:53;;;;;;;;43.7
2017-06-05;12:55;;;100;100;;;24.6;
2017-06-05;12:58;;;;97;;;24.7;42.5
2017-06-05;12:59;;;;;;;24.8;43.1
2017-06-05;13:03;;;100;97;;;;
2017-06-05;13:08;;;100;97;;;24.8;43.1
2017-06-05;13:12;;;;;;;24.7;
2017-06-05;13:13;;;100;97;;;;43.1
2017-06-05;13:13;;;;;;;;42.5
2017-06-05;13:17;;;;94;;;24.6;42.4
2017-06-05;13:18;;;100;;;;;43.1
2017-06-05;13:22;;;;97;;;24.5;
2017-06-05;13:23;;;100;;;;24.6;43.1
2017-06-05;13:27;;;;97;;;24.5;
2017-06-05;13:28;;;100;;;;;43.1
2017-06-05;13:31;;;;;;;;43.7
2017-06-05;13:33;;;100;97;;;24.5;43.1
2017-06-05;13:34;;;;94;;;;
2017-06-05;13:38;;;;;;;24.4;43
2017-06-05;13:38;;;100;;;;;
2017-06-05;13:43;;;100;90;;;24.3;43.6
2017-06-05;13:45;;;;;;;24.2;
2017-06-05;13:48;;;100;94;;;24.1;43.6
2017-06-05;13:52;;;;;;;24;44.2
2017-06-05;13:53;;;100;97;;;;43.6
2017-06-05;13:58;;;100;94;;;24;44.2
2017-06-05;14:00;;;;90;;;23.9;
2017-06-05;14:03;;;100;97;;;;44.2
2017-06-05;14:08;;;100;97;;;23.9;44.2
2017-06-05;14:08;;;;;;;;43.6
2017-06-05;14:11;;;;;;;23.8;44.2
2017-06-05;14:13;;;100;97;;;23.9;
2017-06-05;14:16;;;;94;;;;
2017-06-05;14:18;;;100;;;;23.9;44.2
2017-06-05;14:19;;;;97;;;;
2017-06-05;14:22;;;;;;;;43.6
2017-06-05;14:23;;;100;;;;23.9;44.2
2017-06-05;14:26;;;;97;;;;43.6
2017-06-05;14:28;;;100;;;;23.9;
2017-06-05;14:33;;;97;94;;;23.9;43.6
2017-06-05;14:38;;;97;94;;;23.9;44.8
2017-06-05;14:43;;;97;94;;;23.8;43.6
2017-06-05;14:43;;;;90;;;23.9;44.2
2017-06-05;14:47;;;;94;;;;43.6
2017-06-05;14:48;;;97;;;;;
2017-06-05;14:51;;;;;;;23.9;
2017-06-05;14:53;;;97;97;;;;44.2
2017-06-05;14:55;;;;87;;;;43.6
2017-06-05;14:58;;;97;94;;;23.9;
2017-06-05;15:02;;;;;;;24;43.6
2017-06-05;15:03;;;97;94;;;23.9;44.2
2017-06-05;15:06;;;;;;;;43.6
2017-06-05;15:08;;;97;94;;;23.9;44.2
2017-06-05;15:11;;;;90;;;;43.6
2017-06-05;15:13;;;97;94;;;23.9;44.2
2017-06-05;15:13;;;94;;;;;
2017-06-05;15:14;;;97;;;;;43.6
2017-06-05;15:18;;;;94;;;24;
2017-06-05;15:23;;;94;97;;;24;43.6
2017-06-05;15:24;;;;;;;;43
2017-06-05;15:28;;;94;97;;;24;
2017-06-05;15:32;;;;;;;;43.6
2017-06-05;15:33;;;94;97;;;24;44.2
2017-06-05;15:38;;;94;97;;;24;43
2017-06-05;15:43;;;94;97;;;24;43.6
2017-06-05;15:48;;;94;100;;;24;43
2017-06-05;15:49;;;;97;;;;
2017-06-05;15:53;;;94;100;;;24;43
2017-06-05;15:55;;;;94;;;;
2017-06-05;15:58;;;94;97;;;24;43
2017-06-05;16:03;;;94;100;;;24;43.6
2017-06-05;16:05;;;;;;;;42.4
2017-06-05;16:08;;;94;100;;;24;43
2017-06-05;16:08;;;91;;;;24.1;
2017-06-05;16:12;;;94;97;;;;42.4
2017-06-05;16:13;;;;;;;;43
2017-06-05;16:13;;;;;;;24.1;
2017-06-05;16:18;;;94;97;;;;42.4
2017-06-05;16:21;;;;;;;24.1;
2017-06-05;16:23;;;94;97;;;;43
2017-06-05;16:24;;;;100;;;;
2017-06-05;16:27;;;91;;;;24.1;42.4
2017-06-05;16:28;;;;97;;;;
2017-06-05;16:30;;;;90;;;;
2017-06-05;16:33;;;91;100;;;24.2;42.4
2017-06-05;16:37;;;;;;;;43
2017-06-05;16:38;;;91;100;;;24.2;42.4
2017-06-05;16:41;;;;;;;24.3;43
2017-06-05;16:43;;;91;100;;;;41.8
2017-06-05;16:44;;;;;;;;42.4
2017-06-05;16:48;;;91;97;;;24.3;
2017-06-05;16:52;;;;100;;;;41.8
2017-06-05;16:53;;;91;97;;;24.4;
2017-06-05;16:58;;;91;97;;;24.4;42.4
2017-06-05;17:03;;;91;100;;;24.4;41.8
2017-06-05;17:08;;;91;97;;;24.5;41.8
2017-06-05;17:13;;;91;100;;;24.5;41.8
2017-06-05;17:13;;;;97;;;;42.4
2017-06-05;17:18;;;91;100;;;24.5;41.8
2017-06-05;17:20;;;;97;;;24.6;42.4
2017-06-05;17:23;;;91;90;;;;41.8
2017-06-05;17:23;;;;97;;;;
2017-06-05;17:26;;;;;;;24.6;41.2
2017-06-05;17:28;;;86;94;;;;
2017-06-05;17:28;;;91;97;;;;
2017-06-05;17:29;;;;100;;;25;43.1
2017-06-05;17:32;;;;90;;;25.8;38.9
2017-06-05;17:35;;;86;97;;;26.1;38.3
2017-06-05;17:37;;;;100;;;26;39.5
2017-06-05;17:42;;;86;100;;;25.7;40.7
2017-06-05;17:47;4;;86;100;;7;25.8;41.3
2017-06-05;17:52;;;;;;;;
2017-06-05;17:52;6;1;86;100;;10;26;41.3
2017-06-05;17:57;6;;86;100;;12;26.3;40.8
2017-06-05;18:02;4;;86;100;;12;26.8;39
2017-06-05;18:07;5;;86;87;;14;27.1;36.5
2017-06-05;18:12;6;;86;74;;14;27.4;35.3
2017-06-05;18:13;6;;;68;;;;
2017-06-05;18:17;4;;86;52;;12;27.7;35.3
2017-06-05;18:22;;;86;97;;;27.9;34.1
2017-06-05;18:27;;;86;94;;;28;32.9
2017-06-05;18:32;;;86;87;;;28;32.9
2017-06-05;18:37;1;;86;61;;6;28;34.1
2017-06-05;18:42;5;;83;65;;10;28;33.5
2017-06-05;18:47;;;83;32;;;27.9;32.9
2017-06-05;18:52;;;83;26;;;27.8;32.9
2017-06-05;18:57;;;83;26;;;27.6;31.6
2017-06-05;19:02;;;83;19;;;27.4;31.6
2017-06-05;19:07;6;;83;77;;12;26.9;31.6
2017-06-05;19:12;;;83;71;;13;26.5;32.2
2017-06-05;19:13;;;;77;;;;32.8
2017-06-05;19:17;;;83;61;;17;26.5;
2017-06-05;19:22;;;83;100;;18;26.5;32.8
2017-06-05;19:27;34;;83;94;;18;26.4;33.4
2017-06-05;19:32;;1;83;100;;18;26.3;33.4
2017-06-05;19:32;;;;;;;;
2017-06-05;19:37;;;83;90;;19;23.6;35.6
2017-06-05;19:42;;;80;94;;18;23;39.9
2017-06-05;19:47;;;80;90;;16;22.6;41
2017-06-05;19:52;;;80;97;;15;22.3;41.6
2017-06-05;19:57;;;80;94;;15;22;42.8
2017-06-05;20:02;;;80;94;;15;21.8;42.8
2017-06-05;20:07;;;80;94;;13;21.6;42.8
2017-06-05;20:12;;;80;97;;15;21.4;43.4
2017-06-05;20:13;;;;94;;13;21.3;
2017-06-05;20:17;;;77;;;15;21.2;44
2017-06-05;20:22;;;77;90;;13;21;43.9
2017-06-05;20:27;;;77;90;;12;20.9;43.9
2017-06-05;20:32;;;77;90;;13;20.8;44.5
2017-06-05;20:37;;;77;90;;13;20.6;45.1
2017-06-05;20:42;;;74;94;;11;20.5;45.1
2017-06-05;20:47;;;77;90;;12;20.4;44.5
2017-06-05;20:52;;;74;90;;11;20.3;45.1
2017-06-05;20:57;;;74;94;;13;20.1;45.1
2017-06-05;21:02;;;74;84;;10;20.1;45.7
2017-06-05;21:07;;;74;84;;11;20;45.7
2017-06-05;21:12;;;74;81;;12;19.8;45
2017-06-05;21:17;;;74;84;;10;19.8;45
2017-06-05;21:22;;;74;81;;10;19.6;45.6
2017-06-05;21:27;;;74;84;;9;19.5;45.6
2017-06-05;21:32;;;70;84;;12;19.5;45.6
2017-06-05;21:37;;;74;87;;12;19.4;45.6
2017-06-05;21:42;;;74;84;;11;19.3;45.6
2017-06-05;21:47;;;74;87;;10;19.1;45.6
2017-06-05;21:52;;;70;84;;12;19.1;46.8
2017-06-05;21:57;;;70;87;;12;19;45.6
2017-06-05;22:02;;;70;84;;10;18.8;45.6
2017-06-05;22:07;;;70;84;;10;18.8;46.2
2017-06-05;22:12;;;70;87;;10;18.6;46.1
2017-06-05;22:13;;;;84;;;;
2017-06-05;22:17;;;70;87;;10;18.6;46.1
2017-06-05;22:22;;;70;87;;10;18.5;45.5
2017-06-05;22:27;;;70;87;;9;18.4;45.5
2017-06-05;22:32;;;70;87;;9;18.3;46.1
2017-06-05;22:37;;;70;87;;10;18.1;45.5
2017-06-05;22:42;;;70;81;;12;18.1;46.1
2017-06-05;22:47;;;70;84;;11;18;46.1
2017-06-05;22:52;;;70;87;;12;17.8;46.1
2017-06-05;22:57;;;70;84;;11;17.8;46.1
2017-06-05;23:02;;;70;84;;10;17.6;46
2017-06-05;23:07;;;70;87;;11;17.5;46
2017-06-05;23:12;;;70;87;;10;17.5;46
2017-06-05;23:13;;;;;;9;;46.6
2017-06-05;23:17;;;70;87;;12;17.3;46
2017-06-05;23:22;;;70;84;;11;17.3;46
2017-06-05;23:27;;;67;84;;11;17.2;46
2017-06-05;23:32;;;70;87;;10;17.1;46.6
2017-06-05;23:37;;;70;84;;12;17;46
2017-06-05;23:42;;;70;87;;12;16.9;46
2017-06-05;23:47;;;67;84;;12;16.8;46.6
2017-06-05;23:52;;;67;84;;15;16.6;46.6
2017-06-05;23:57;;;67;84;;16;16.6;46.6
2017-06-06;00:02;;;67;87;;14;16.5;46.5
2017-06-06;00:07;;;67;87;;14;16.5;46.5
2017-06-06;00:12;;;67;87;;13;16.3;46.5
2017-06-06;00:13;;;;;;15;;
2017-06-06;00:17;;;67;87;;12;16.3;45.9
2017-06-06;00:22;;;67;87;;12;16.2;46.5
2017-06-06;00:27;;;67;87;;12;16.1;46.5
2017-06-06;00:32;;;67;87;;15;16.1;46.5
2017-06-06;00:37;;;67;87;;11;16;47.1
2017-06-06;00:42;;;67;87;;13;15.9;46.5
2017-06-06;00:47;;;67;87;;12;15.8;47.1
2017-06-06;00:52;;;67;87;;12;15.8;46.5
2017-06-06;00:57;;;67;87;;11;15.7;47.1
2017-06-06;01:02;;;64;87;;11;15.6;47.1
2017-06-06;01:07;;;67;87;;12;15.6;47.1
2017-06-06;01:12;;;64;87;;14;15.5;46.4
2017-06-06;01:13;;;67;;;13;;
2017-06-06;01:17;;;;87;;11;15.5;46.4
2017-06-06;01:22;;;64;87;;13;15.4;46.4
2017-06-06;01:27;;;64;87;;13;15.3;47
2017-06-06;01:32;;;64;87;;12;15.3;46.4
2017-06-06;01:37;;;64;87;;13;15.3;46.4
2017-06-06;01:42;;;64;87;;12;15.2;46.4
2017-06-06;01:47;;;64;87;;12;15.1;47
2017-06-06;01:52;;;64;87;;12;15.1;46.4
2017-06-06;01:57;;;64;87;;14;15;46.4
2017-06-06;02:02;;;64;87;;13;15;46.4
2017-06-06;02:07;;;64;87;;14;14.9;46.4
2017-06-06;02:12;;;64;87;;14;14.8;46.4
2017-06-06;02:17;;;64;87;;12;14.8;47
2017-06-06;02:22;;;64;87;;12;14.8;47
2017-06-06;02:27;;;64;87;;12;14.7;46.4
2017-06-06;02:32;;;64;87;;12;14.6;46.4
2017-06-06;02:37;;;64;87;;13;14.6;46.4
2017-06-06;02:42;;;61;87;;10;14.5;46.3
2017-06-06;02:47;;;61;87;;11;14.5;46.3
2017-06-06;02:52;;;61;87;;12;14.5;46.9
2017-06-06;02:57;;;61;87;;13;14.4;46.3
2017-06-06;03:02;;;61;87;;14;14.4;46.3
2017-06-06;03:07;;;61;87;;12;14.3;46.3
2017-06-06;03:12;;;61;87;;13;14.3;46.9
2017-06-06;03:13;;;;;;12;;46.3
2017-06-06;03:17;;;61;87;;;14.3;
2017-06-06;03:22;;;61;90;;11;14.2;46.3
2017-06-06;03:27;;;61;87;;12;14.2;46.3
2017-06-06;03:32;;;61;87;;11;14.1;46.3
2017-06-06;03:37;;;61;90;;13;14.1;45.7
2017-06-06;03:42;;;61;87;;12;14.1;45.7
2017-06-06;03:47;;;61;90;;11;14.1;46.9
2017-06-06;03:52;;;61;90;;11;14;46.3
2017-06-06;03:57;;;58;90;;13;14;46.3
2017-06-06;04:02;;;58;90;;13;13.9;45.7
2017-06-06;04:07;;;58;90;;11;13.8;46.3
2017-06-06;04:12;;;58;87;;13;13.8;45.7
2017-06-06;04:13;;;;90;;;;46.3
2017-06-06;04:17;;;58;;;14;13.8;
2017-06-06;04:22;;;58;87;;13;13.7;46.3
2017-06-06;04:27;;;58;87;;14;13.6;46.9
2017-06-06;04:32;;;58;87;;14;13.6;46.3
2017-06-06;04:37;;;58;87;;14;13.5;45.6
2017-06-06;04:42;;;58;87;;14;13.5;45.6
2017-06-06;04:47;;;58;87;;14;13.4;45.6
2017-06-06;04:52;;;58;87;;13;13.3;45.6
2017-06-06;04:57;;;58;87;;13;13.3;46.2
2017-06-06;05:02;;;58;87;;12;13.2;45.6
2017-06-06;05:07;;;58;87;;13;13.1;45.6
2017-06-06;05:12;;;58;87;;14;13.1;45.6
2017-06-06;05:13;;;;;;;;46.2
2017-06-06;05:17;;;58;87;;13;13;45.6
2017-06-06;05:22;;;58;87;;12;13;45.6
2017-06-06;05:27;;;58;90;;13;12.9;45.6
2017-06-06;05:32;;;55;87;;11;12.8;45.6
2017-06-06;05:37;;;55;90;;11;12.8;45.6
2017-06-06;05:42;;;55;90;;12;12.8;46.2
2017-06-06;05:47;;;55;90;;11;12.8;46.2
2017-06-06;05:52;;;55;87;;11;12.7;46.2
2017-06-06;05:57;;;55;90;;10;12.7;46.2
2017-06-06;06:02;;;55;87;;10;12.6;46.2
2017-06-06;06:07;;;55;87;;10;12.6;46.2
2017-06-06;06:12;;;55;87;;11;12.6;46.2
2017-06-06;06:13;;;;;;12;;
2017-06-06;06:17;;;55;90;;11;12.6;46.2
2017-06-06;06:22;;;55;87;;12;12.5;46.7
2017-06-06;06:27;;;55;87;;11;12.5;46.7
2017-06-06;06:32;;;55;90;;11;12.5;46.2
2017-06-06;06:37;;;55;87;;11;12.5;46.7
2017-06-06;06:42;;;55;87;;10;12.5;46.2
2017-06-06;06:47;;;50;90;;10;12.5;46.7
2017-06-06;06:52;;;50;90;;10;12.5;46.7
2017-06-06;06:57;;;50;90;;11;12.6;46.8
2017-06-06;07:02;;;50;90;;11;12.6;46.2
2017-06-06;07:07;;;50;90;;11;12.7;46.8
2017-06-06;07:12;;;50;90;;11;12.8;46.8
2017-06-06;07:13;;;;;;;;46.2
2017-06-06;07:17;;;50;90;;12;12.8;46.8
2017-06-06;07:22;;;50;90;;11;12.8;47.4
2017-06-06;07:27;;;50;90;;10;12.9;46.8
2017-06-06;07:32;;;50;90;;12;13;46.8
2017-06-06;07:37;;;50;90;;10;13;46.8
2017-06-06;07:42;;;50;90;;12;13;47.4
2017-06-06;07:47;;;50;90;;12;13.1;46.2
2017-06-06;07:52;;;50;90;;14;13.1;46.8
2017-06-06;07:57;;;50;90;;15;13.2;46.2
2017-06-06;08:02;;;50;97;;13;13.3;46.2
2017-06-06;08:07;;;50;94;;13;13.4;46.8
2017-06-06;08:12;;;48;94;;12;13.5;47.4
2017-06-06;08:13;;;;;;11;;46.2
2017-06-06;08:17;;;48;94;;13;13.6;46.9
2017-06-06;08:22;;;48;94;;14;13.8;47.5
2017-06-06;08:27;;;48;97;;15;14;47.5
2017-06-06;08:32;;;48;97;;14;14.1;47.5
2017-06-06;08:37;;;48;97;;15;14.2;47.5
2017-06-06;08:42;;;48;94;;11;14.4;48.7
2017-06-06;08:47;;;48;97;;12;14.6;51.2
2017-06-06;08:52;;;;;;;;
2017-06-06;08:52;;1;48;97;;14;14.8;53
2017-06-06;08:57;;;48;100;;17;15.8;66.3
2017-06-06;09:02;;;48;100;;17;16.5;64.6
2017-06-06;09:07;96;;39;97;;20;17.5;59.3
2017-06-06;09:12;116;;48;77;;20;18.3;54.6
2017-06-06;09:13;109;;;81;;19;18.4;53.4
2017-06-06;09:17;134;;48;65;;;18.9;51.6
2017-06-06;09:22;150;;48;77;;19;19.5;49.9
2017-06-06;09:27;;1;48;84;;19;20;48.7
2017-06-06;09:27;;;;;;;;
2017-06-06;09:32;;;48;84;;15;20.1;49.3
2017-06-06;09:37;;;48;84;;17;20.4;48.8
2017-06-06;09:42;;;48;81;;19;20.8;49.4
2017-06-06;09:47;;;48;84;;18;21.1;50
2017-06-06;09:52;;;48;90;;19;21.6;50.7
2017-06-06;09:57;;;48;90;;21;22;50.1
2017-06-06;10:02;;;48;90;;21;22.5;50.8
2017-06-06;10:07;;;48;90;;21;23;51.5
2017-06-06;10:12;;;48;90;;20;23.4;51.5
2017-06-06;10:13;;;;;;;23.5;
2017-06-06;10:17;;;48;90;;21;23.9;51.6
2017-06-06;10:22;;;48;90;;18;24.3;51
2017-06-06;10:27;;;39;90;;19;24.7;51.7
2017-06-06;10:32;;;39;90;;19;25.1;52.3
2017-06-06;10:37;;;39;87;;20;25.6;51.8
2017-06-06;10:42;;;39;90;;20;26;51.8
2017-06-06;10:47;;;39;90;;21;26.4;51.2
2017-06-06;10:52;;;39;87;;18;26.8;51.3
2017-06-06;10:57;;;39;90;;17;27.3;50.7
2017-06-06;11:02;;;39;90;;19;27.6;50.8
2017-06-06;11:07;;;39;87;;18;28;50.2
2017-06-06;11:12;;;39;90;;15;28.3;50.2
2017-06-06;11:13;;;;;;17;28.4;49
2017-06-06;11:17;;;39;90;;16;28.6;
2017-06-06;11:22;;;39;90;;17;28.9;49
2017-06-06;11:27;;;39;87;;18;29.1;49.1
2017-06-06;11:32;;;39;87;;17;29.5;48.5
2017-06-06;11:37;;;39;90;;20;29.8;48.5
2017-06-06;11:42;;;39;90;;19;30.2;48.6
2017-06-06;11:47;;;39;90;;19;30.6;48
2017-06-06;11:52;;;39;90;;19;31;48
2017-06-06;11:57;;;39;87;;18;31.3;48.1
2017-06-06;12:02;;;39;87;;13;31.7;48.1
2017-06-06;12:07;;;39;81;;14;32.1;47.5
2017-06-06;12:12;;;39;81;;17;32.5;46.9
2017-06-06;12:13;;;;;;;32.6;
2017-06-06;12:17;;;39;81;;17;32.9;46.3
2017-06-06;12:22;;;39;84;;16;33.3;46.4
2017-06-06;12:27;;;39;84;;18;33.6;46.4
2017-06-06;12:32;;;39;87;;19;34;45.8
2017-06-06;12:37;;;39;84;;18;34.4;46.5
2017-06-06;12:42;;;39;87;;18;34.7;45.3
2017-06-06;12:47;;;39;84;;19;35.1;45.3
2017-06-06;12:52;;;39;87;;16;35.3;44.7
2017-06-06;12:57;;;30;84;;16;35.6;44.7
2017-06-06;13:02;;;39;87;;16;35.8;44.1
2017-06-06;13:07;;;39;84;;18;36.1;44.2
2017-06-06;13:12;;;39;84;;19;36.3;43.5
2017-06-06;13:13;;;;;;;36.4;43.6
2017-06-06;13:17;;;39;84;;18;36.6;42.9
2017-06-06;13:22;;;39;81;;17;36.8;43
2017-06-06;13:27;;;39;84;;19;37.1;43
2017-06-06;13:32;;;39;84;;19;37.4;42.4
2017-06-06;13:37;;;39;81;;19;37.7;42.4
2017-06-06;13:42;;;39;84;;18;38;41.8
2017-06-06;13:47;;;39;84;;18;38.3;42.5
2017-06-06;13:52;;;39;87;;18;38.6;41.9
2017-06-06;13:57;;;39;87;;19;38.8;41.9
2017-06-06;14:02;;;39;87;;19;39.1;41.3
2017-06-06;14:07;;;39;87;;19;39.3;40.7
2017-06-06;14:12;;;39;87;;17;39.5;40.7
2017-06-06;14:13;;;;;;;39.6;
2017-06-06;14:17;;;30;84;;16;39.8;40.1
2017-06-06;14:22;;;39;84;;16;40;40.1
2017-06-06;14:27;;;39;84;;16;40.2;39.5
2017-06-06;14:32;;;39;87;;16;40.5;38.9
2017-06-06;14:37;;;39;81;;16;40.6;39.5
2017-06-06;14:42;;;30;81;;17;40.8;38.3
2017-06-06;14:47;;;30;84;;18;41;38.9
2017-06-06;14:52;;;30;84;;17;41;37.6
2017-06-06;14:57;;;30;84;;17;41;37.6
2017-06-06;15:02;;;30;81;;16;41;37.6
2017-06-06;15:07;;;30;81;;15;41;38.3
2017-06-06;15:12;;;30;84;;16;40.9;38.3
2017-06-06;15:13;;;;;;;;37.6
2017-06-06;15:17;;;30;84;;15;40.9;38.3
2017-06-06;15:22;;;30;87;;15;40.9;37.6
2017-06-06;15:27;;;30;87;;15;41;37.6
2017-06-06;15:32;;;30;87;;17;41;38.3
2017-06-06;15:37;;;30;87;;15;41;37.6
2017-06-06;15:42;;;30;87;;16;41;37.6
2017-06-06;15:47;;;30;84;;16;41;37.6
2017-06-06;15:52;;;30;87;;16;40.9;37.6
2017-06-06;15:57;;;30;84;;18;40.8;37.6
2017-06-06;16:02;;;30;87;;18;40.7;37.6
2017-06-06;16:07;;;30;84;;17;40.7;37.6
2017-06-06;16:12;;;30;87;;18;40.6;37.6
2017-06-06;16:13;;;;84;;;;38.3
2017-06-06;16:17;;;30;;;18;40.6;
2017-06-06;16:22;;;;;;;;
2017-06-06;16:22;;1;30;84;;19;40.5;38.2
2017-06-06;16:27;89;;30;35;;20;41.1;19.9
2017-06-06;16:32;134;;30;74;;21;40;16
2017-06-06;16:37;64;;30;52;;18;38.3;15.9
2017-06-06;16:42;28;;30;100;;19;37.5;17.8
2017-06-06;16:47;52;;30;100;;19;37.3;19.1
2017-06-06;16:52;;1;30;97;;16;37.2;18.4
2017-06-06;16:52;;;;;;;;
2017-06-06;16:57;;;30;90;;16;37;19.7
2017-06-06;17:02;;;30;94;;16;36.8;19.7
2017-06-06;17:07;;;30;68;;16;36.4;20.3
2017-06-06;17:12;;;30;87;;16;36;20.9
2017-06-06;17:13;;;;;;;35.8;
2017-06-06;17:17;;;30;90;;15;35.5;22.1
2017-06-06;17:22;;;30;84;;13;35.1;22.1
2017-06-06;17:27;;;30;84;;13;34.7;22.1
2017-06-06;17:32;;;30;84;;13;34.3;22.7
2017-06-06;17:37;;;30;87;;14;33.8;23.3
2017-06-06;17:42;;;30;84;;14;33.3;23.9
2017-06-06;17:47;;;30;84;;13;32.9;24.5
2017-06-06;17:52;;;30;81;;13;32.5;25.7
2017-06-06;17:56;;;30;81;;12;32.1;25.1
2017-06-06;18:02;;;30;87;;11;31.7;26.3
2017-06-06;18:07;;;30;90;;13;31.4;26.3
2017-06-06;18:11;;;30;77;;14;31;26.9
2017-06-06;18:13;;;;84;;12;30.9;
2017-06-06;18:17;;;30;77;;;30.6;26.9
2017-06-06;18:21;;;30;81;;13;30.3;28.1
2017-06-06;18:26;;;30;68;;12;30;28.1
2017-06-06;18:32;;;30;68;;11;29.7;28.7
2017-06-06;18:36;;;30;74;;13;29.4;29.3
2017-06-06;18:41;;;30;81;;11;29.1;29.2
2017-06-06;18:46;;;30;77;;11;28.9;29.8
2017-06-06;18:51;;;30;71;;12;28.6;30.4
2017-06-06;18:56;;;30;77;;14;28.4;30.4
2017-06-06;19:01;;;30;84;;13;28.1;31
2017-06-06;19:06;;;30;61;;14;27.9;31
2017-06-06;19:11;;;30;71;;14;27.7;31
2017-06-06;19:13;;;;65;;;27.6;
2017-06-06;19:16;;;30;81;;14;27.5;31.6
2017-06-06;19:21;;;30;74;;14;27.3;31.6
2017-06-06;19:26;;;30;77;;13;27.1;31.6
2017-06-06;19:31;;;30;74;;14;27;32.2
2017-06-06;19:36;;;30;87;;14;26.8;32.8
2017-06-06;19:41;;;30;87;;13;26.7;32.8
2017-06-06;19:46;;;30;90;;14;26.5;33.4
2017-06-06;19:51;;;30;84;;15;26.4;32.8
2017-06-06;19:56;;;30;68;;13;26.3;33.4
2017-06-06;20:01;;;30;71;;13;26.1;33.4
2017-06-06;20:06;;;30;81;;13;26;33.4
2017-06-06;20:11;;;30;84;;12;25.9;33.3
2017-06-06;20:13;;;;74;;11;25.8;32.7
2017-06-06;20:16;;;30;77;;12;;33.3
2017-06-06;20:21;;;30;84;;9;25.6;33.3
2017-06-06;20:26;;;30;87;;12;25.5;33.9
2017-06-06;20:31;;;30;81;;10;25.4;33.3
2017-06-06;20:36;;;30;84;;10;25.3;33.9
2017-06-06;20:41;;;25;90;;9;25.1;33.9
2017-06-06;20:46;;;25;84;;11;25.1;33.9
2017-06-06;20:51;;;25;77;;10;24.9;33.9
2017-06-06;20:56;;;25;84;;10;24.8;33.9
2017-06-06;21:01;;;25;81;;12;24.7;34.5
2017-06-06;21:06;;;25;81;;10;24.6;33.9
2017-06-06;21:11;;;25;84;;11;24.6;34.5
2017-06-06;21:13;;;;81;;;24.5;
2017-06-06;21:16;;;25;;;12;;34.5
2017-06-06;21:21;;;25;87;;10;24.3;34.5
2017-06-06;21:26;;;25;77;;12;24.3;34.5
2017-06-06;21:31;;;25;84;;13;24.2;34.4
2017-06-06;21:36;;;25;84;;11;24.1;34.4
2017-06-06;21:41;;;25;84;;11;24;34.4
2017-06-06;21:46;;;25;84;;11;23.9;35
2017-06-06;21:47;;;;;;12;23.8;29.5
2017-06-06;21:49;;;64;94;;11;;33.2
2017-06-06;21:49;;;;97;;;;
2017-06-06;21:51;;;67;100;;;24.8;32
2017-06-06;21:56;;;70;97;;9;27.4;27.9
2017-06-06;21:56;;;;;;10;27.5;
2017-06-06;22:01;;;70;97;;11;29.5;25.5
2017-06-06;22:06;;;70;97;;12;30.6;24.4
2017-06-06;22:11;;;70;97;;10;31.5;23.2
2017-06-06;22:13;;;;;;11;31.6;
2017-06-06;22:16;;;70;97;;;32;23.2
2017-06-06;22:19;;;;;;10;32.2;22.6
2017-06-06;22:19;;;48;94;;11;;
2017-06-06;22:21;;;39;97;;10;31.8;
2017-06-06;22:26;;;39;100;;10;29.8;23.7
2017-06-06;22:31;;;39;97;;10;28.5;25.5
2017-06-06;22:36;;;30;97;;11;27.6;26.1
2017-06-06;22:41;;;30;97;;12;27.1;26.6
2017-06-06;22:46;;;30;97;;12;26.8;27.9
2017-06-06;22:51;;;30;100;;12;26.4;28.5
2017-06-06;22:56;;;30;100;;11;26.1;28.4
2017-06-06;23:01;;;30;97;;13;26;29
2017-06-06;23:06;;;30;100;;10;25.8;29
2017-06-06;23:11;;;30;100;;11;25.7;29.6
2017-06-06;23:13;;;;;;10;;
2017-06-06;23:16;;;30;100;;11;25.6;29.6
2017-06-06;23:21;;;30;100;;13;25.5;29.6
2017-06-06;23:26;;;30;100;;11;25.5;29.6
2017-06-06;23:31;;;30;100;;9;25.4;29.6
2017-06-06;23:36;;;30;100;;9;25.4;30.2
2017-06-06;23:41;;;30;100;;11;25.3;30.2
2017-06-06;23:46;;;30;100;;10;25.3;29.6
2017-06-06;23:51;;;30;100;;12;25.3;30.2
2017-06-06;23:56;;;30;100;;10;25.3;30.2
2017-06-07;00:01;;;30;100;;12;25.2;30.8
2017-06-07;00:06;;;30;100;;10;25.2;30.2
2017-06-07;00:11;;;30;97;;11;25.2;30.2
2017-06-07;00:13;;;;100;;12;;
2017-06-07;00:16;;;30;;;14;25.2;30.8
2017-06-07;00:21;;;30;100;;11;25.1;30.8
2017-06-07;00:26;;;30;100;;12;25.1;30.8
2017-06-07;00:31;;;25;100;;12;25.1;30.8
2017-06-07;00:36;;;30;100;;12;25.1;31.4
2017-06-07;00:41;;;30;100;;12;25.1;30.8
2017-06-07;00:46;;;30;100;;15;25.1;30.8
2017-06-07;00:51;;;30;100;;12;25.1;30.8
2017-06-07;00:56;;;30;100;;13;25.1;31.4
2017-06-07;01:01;;;30;100;;14;25.1;30.8
2017-06-07;01:06;;;30;100;;13;25.1;31.4
2017-06-07;01:11;;;30;100;;14;25.1;31.4
2017-06-07;01:13;;;;;;15;;
2017-06-07;01:16;;;30;100;;;25.1;32.1
2017-06-07;01:21;;;30;100;;13;25.1;31.4
2017-06-07;01:26;;;30;100;;10;25;31.4
2017-06-07;01:31;;;30;100;;11;25;32.1
2017-06-07;01:36;;;30;100;;13;25;31.4
2017-06-07;01:41;;;30;100;;10;25;31.4
2017-06-07;01:46;;;30;100;;13;25;32.1
2017-06-07;01:51;;;30;100;;13;25;31.4
2017-06-07;01:56;;;30;100;;14;25;32.1
2017-06-07;02:01;;;30;100;;11;25;32.1
2017-06-07;02:06;;;25;45;;11;25;32.1
2017-06-07;02:11;;;30;100;;13;25.1;32.1
2017-06-07;02:13;;;;;;12;;32.7
2017-06-07;02:16;;;30;100;;;25.1;32.1
2017-06-07;02:21;;;30;100;;11;25;32.1
2017-06-07;02:26;;;30;100;;14;25;32.7
2017-06-07;02:31;;;30;100;;14;25;32.7
2017-06-07;02:36;;;25;100;;14;24.9;32
2017-06-07;02:41;;;25;100;;15;24.9;32.7
2017-06-07;02:46;;;25;100;;12;24.9;32.7
2017-06-07;02:51;;;25;100;;12;24.8;32.7
2017-06-07;02:56;;;25;100;;11;24.8;32
2017-06-07;03:01;;;25;100;;12;24.8;32.7
2017-06-07;03:06;;;25;100;;13;24.8;32.7
2017-06-07;03:11;;;25;100;;15;24.8;32.7
2017-06-07;03:16;;;25;100;;14;24.8;33.3
2017-06-07;03:21;;;25;100;;11;24.8;32.7
2017-06-07;03:26;;;25;100;;11;24.8;33.3
2017-06-07;03:31;;;25;100;;13;24.7;33.3
2017-06-07;03:36;;;25;100;;14;24.7;32.6
2017-06-07;03:41;;;25;100;;11;24.7;33.3
2017-06-07;03:46;;;25;100;;10;24.7;33.3
2017-06-07;03:51;;;25;100;;12;24.6;33.3
2017-06-07;03:56;;;25;100;;12;24.6;32.6
2017-06-07;04:01;;;25;100;;12;24.6;33.3
2017-06-07;04:06;;;25;97;;14;24.6;33.3
2017-06-07;04:11;;;25;100;;13;24.6;33.3
2017-06-07;04:13;;;;;;12;;33.9
2017-06-07;04:16;;;25;97;;13;24.6;33.3
2017-06-07;04:21;;;25;100;;13;24.6;33.3
2017-06-07;04:26;;;25;100;;13;24.6;33.3
2017-06-07;04:31;;;25;100;;12;24.6;33.3
2017-06-07;04:36;;;25;100;;15;24.6;33.3
2017-06-07;04:41;;;25;100;;13;24.6;33.3
2017-06-07;04:46;;;25;100;;11;24.6;33.3
2017-06-07;04:51;;;25;100;;13;24.6;33.3
2017-06-07;04:56;;;25;100;;14;24.6;33.3
2017-06-07;05:01;;;25;100;;11;24.6;33.3
2017-06-07;05:06;;;25;100;;10;24.6;33.3
2017-06-07;05:11;;;25;100;;10;24.6;33.9
2017-06-07;05:13;;;;;;;;33.3
2017-06-07;05:16;;;25;100;;12;24.6;34.5
2017-06-07;05:21;;;25;100;;11;24.6;33.9
2017-06-07;05:26;;;21;100;;10;24.6;33.3
2017-06-07;05:31;;;21;100;;10;24.6;33.3
2017-06-07;05:36;;;21;100;;9;24.6;33.3
2017-06-07;05:41;;;21;100;;8;24.6;33.9
2017-06-07;05:46;;;21;100;;9;24.6;33.9
2017-06-07;05:51;;;21;100;;8;24.6;33.9
2017-06-07;05:56;;;21;100;;11;24.6;34.5
2017-06-07;06:01;;;21;100;;8;24.6;33.3
2017-06-07;06:06;;;21;100;;9;24.6;33.9
2017-06-07;06:11;;;21;100;;9;24.6;33.9
2017-06-07;06:13;;;;;;11;;33.3
2017-06-07;06:16;;;21;100;;10;24.6;34.5
2017-06-07;06:21;;;21;100;;8;24.6;33.9
2017-06-07;06:26;;;21;100;;9;24.7;33.9
2017-06-07;06:31;;;21;100;;8;24.7;33.9
2017-06-07;06:36;;;19;100;;8;24.7;33.9
2017-06-07;06:41;;;19;97;;7;24.8;33.9
2017-06-07;06:46;;;19;100;;8;24.8;33.9
2017-06-07;06:51;;;19;100;;10;24.8;33.9
2017-06-07;06:56;;;19;100;;11;24.8;33.9
2017-06-07;07:00;;;;97;;9;;
2017-06-07;07:01;;;58;84;;10;;36.9
2017-06-07;07:01;;;;90;;9;24.9;33.9
2017-06-07;07:03;;;64;84;;11;25.8;33.3
2017-06-07;07:11;;;67;81;;11;28.9;29.2
2017-06-07;07:13;;;;87;;9;29.5;28.6
2017-06-07;07:15;;;;;;;29.8;28
2017-06-07;07:16;;;67;84;;10;30;28.7
2017-06-07;07:19;;;70;87;;9;30.5;29.3
2017-06-07;07:21;;;;;;12;31;29.4
2017-06-07;07:23;;;;90;;10;31.3;
2017-06-07;07:26;;;70;;;11;31.8;29.4
2017-06-07;07:29;;;;84;;12;32.2;30.1
2017-06-07;07:31;;;70;90;;10;32.3;30.7
2017-06-07;07:32;;;;87;;8;32.4;
2017-06-07;07:36;;;;84;;11;32.7;
2017-06-07;07:36;;;70;90;;;;31.3
2017-06-07;07:41;;;70;90;;13;33.1;30.1
2017-06-07;07:45;;;;87;;11;33.3;
2017-06-07;07:46;;;;;;;;
2017-06-07;07:46;;1;70;;;;;30.8
2017-06-07;07:48;;;;90;;;33.5;30.1
2017-06-07;07:50;;;48;84;;11;33.4;31.4
2017-06-07;07:51;30;;39;81;;5;32.6;31.3
2017-06-07;07:51;24;;;87;;;32.5;32.6
2017-06-07;07:56;95;;39;97;;15;27.2;31.6
2017-06-07;08:01;65;;39;100;;14;25.3;37
2017-06-07;08:06;;;39;100;;13;24.4;36.9
2017-06-07;08:11;123;;39;100;;13;23.8;38.7
2017-06-07;08:13;134;;30;;;16;23.6;39.3
2017-06-07;08:16;142;;39;81;;;23.3;39.9
2017-06-07;08:21;25;;39;97;;16;23.2;40.5
2017-06-07;08:26;;1;39;94;;17;23.2;41.1
2017-06-07;08:26;;;;;;;;
2017-06-07;08:31;;;30;94;;17;23.2;41.1
2017-06-07;08:36;;;30;94;;18;23.2;41.1
2017-06-07;08:41;;;30;94;;18;23.3;41.1
2017-06-07;08:46;;;30;94;;19;23.3;41.1
2017-06-07;08:51;;;30;90;;15;23.4;41.7
2017-06-07;08:56;;;30;94;;17;23.5;41.7
2017-06-07;09:01;;;30;94;;19;23.6;41.7
2017-06-07;09:06;;;30;90;;20;23.8;42.4
2017-06-07;09:11;;;30;94;;19;23.9;42.4
2017-06-07;09:13;;;;90;;20;24;43
2017-06-07;09:16;;;30;94;;18;;42.4
2017-06-07;09:21;;;30;90;;21;24.2;43
2017-06-07;09:26;;;30;94;;17;24.4;43.7
2017-06-07;09:31;;;30;94;;18;24.6;43.7
2017-06-07;09:36;;;30;94;;16;24.8;44.3
2017-06-07;09:41;;;30;90;;18;25;44.9
2017-06-07;09:46;;;30;94;;18;25.2;44.3
2017-06-07;09:51;;;30;90;;18;25.5;44.4
2017-06-07;09:56;;;30;90;;18;25.6;45.6
2017-06-07;10:01;;;30;94;;20;25.9;45
2017-06-07;10:06;;;30;90;;18;26;44.4
2017-06-07;10:11;;;30;87;;21;26.1;44.4
2017-06-07;10:13;;;;90;;19;26.2;45.1
2017-06-07;10:16;;;30;87;;;26.3;44.5
2017-06-07;10:21;;;30;90;;20;26.3;44.5
2017-06-07;10:26;;;30;90;;19;26.4;44.5
2017-06-07;10:31;;;30;90;;19;26.5;44.5
2017-06-07;10:36;;;30;90;;20;26.5;43.9
2017-06-07;10:41;;;30;94;;20;26.5;44.5
2017-06-07;10:46;;;30;94;;18;26.5;43.9
2017-06-07;10:51;;;30;90;;18;26.5;44.5
2017-06-07;10:56;;;30;87;;16;26.5;43.9
2017-06-07;11:01;;;30;90;;18;26.5;43.9
2017-06-07;11:06;;;30;94;;18;26.4;43.8
2017-06-07;11:11;;;30;90;;17;26.4;43.8
2017-06-07;11:13;;;;94;;;26.3;
2017-06-07;11:16;;;30;;;16;;43.2
2017-06-07;11:21;;;30;94;;18;26.3;43.8
2017-06-07;11:26;;;30;94;;18;26.1;43.2
2017-06-07;11:31;;;30;90;;17;26.1;44.4
2017-06-07;11:36;;;30;94;;18;26;44.4
2017-06-07;11:41;;;30;94;;19;26;43.8
2017-06-07;11:46;;;30;94;;19;25.9;43.8
2017-06-07;11:51;;;30;94;;19;25.8;43.8
2017-06-07;11:56;;;30;90;;18;25.6;43.8
2017-06-07;12:01;;;30;94;;17;25.5;43.8
2017-06-07;12:06;;;30;90;;17;25.3;43.7
2017-06-07;12:11;;;30;90;;17;25.1;43.7
2017-06-07;12:13;;;;94;;18;;
2017-06-07;12:16;;;30;90;;;25;43.7
2017-06-07;12:21;;;30;94;;16;24.8;43.7
2017-06-07;12:26;;;30;94;;18;24.5;43.7
2017-06-07;12:31;;;30;94;;17;24.3;43.6
2017-06-07;12:36;;;30;94;;16;24;44.2
2017-06-07;12:41;;;30;94;;18;23.7;44.2
2017-06-07;12:46;;;30;97;;17;23.4;44.8
2017-06-07;12:51;;;30;94;;17;23.1;44.8
2017-06-07;12:56;;;30;94;;17;22.9;45.3
2017-06-07;13:01;;;30;97;;17;22.6;44.7
2017-06-07;13:06;;;30;94;;16;22.5;45.3
2017-06-07;13:11;;;30;94;;18;22.3;45.9
2017-06-07;13:13;;;;;;16;22.2;45.3
2017-06-07;13:16;;;30;94;;17;22.1;45.9
2017-06-07;13:21;;;30;97;;17;21.9;45.9
2017-06-07;13:26;;;30;94;;16;21.8;46.5
2017-06-07;13:31;;;30;94;;17;21.6;46.4
2017-06-07;13:36;;;25;94;;16;21.4;46.4
2017-06-07;13:41;;;25;87;;16;21.3;46.4
2017-06-07;13:46;;;25;94;;16;21.1;46.4
2017-06-07;13:51;;;25;94;;16;21;47.6
2017-06-07;13:56;;;25;94;;18;20.8;46.4
2017-06-07;14:01;;;25;97;;19;20.6;46.3
2017-06-07;14:06;;;25;97;;17;20.5;46.9
2017-06-07;14:11;;;25;97;;15;20.4;46.9
2017-06-07;14:13;;;;;;16;;
2017-06-07;14:16;;;25;97;;17;20.3;46.9
2017-06-07;14:21;;;25;97;;17;20.3;47.5
2017-06-07;14:26;;;25;94;;14;20.1;47.5
2017-06-07;14:31;;;25;97;;16;20.1;47.5
2017-06-07;14:36;;;25;94;;17;20;46.9
2017-06-07;14:41;;;25;94;;17;20;46.9
2017-06-07;14:46;;;25;94;;16;19.9;47.5
2017-06-07;14:51;;;25;90;;16;19.8;46.9
2017-06-07;14:56;;;25;90;;15;19.8;47.5
2017-06-07;15:01;;;25;90;;14;19.7;47.5
2017-06-07;15:06;;;25;87;;15;19.6;47.5
2017-06-07;15:11;;;25;90;;15;19.6;46.9
2017-06-07;15:13;;;;;;;;
2017-06-07;15:13;;1;;;;;;
2017-06-07;15:16;68;;25;90;;15;19.6;53.5
2017-06-07;15:21;119;;25;71;;15;19.8;54.2
2017-06-07;15:26;100;;25;77;;16;19.9;54.2
2017-06-07;15:31;97;;25;87;;16;20;54.2
2017-06-07;15:36;33;;25;100;;17;20.1;53.6
2017-06-07;15:41;67;;25;100;;16;20.3;56.6
2017-06-07;15:46;77;;25;87;;14;20.4;51.8
2017-06-07;15:51;;1;25;90;;14;20.5;52.4
2017-06-07;15:51;;;;;;;;
2017-06-07;15:54;;;;94;;;;58.5
2017-06-07;15:55;;;64;87;;12;20.9;56.7
2017-06-07;15:56;;;;84;;;21.3;54.9
2017-06-07;15:57;;;67;90;;9;22.1;52
2017-06-07;16:00;;;70;87;;12;24.2;46.7
2017-06-07;16:01;;;;;;13;24.8;44.9
2017-06-07;16:06;;;70;81;;13;27.6;39.6
2017-06-07;16:11;;;70;77;;14;29.5;36.7
2017-06-07;16:13;;;;84;;13;30.2;36.1
2017-06-07;16:16;;;70;77;;14;30.8;34.9
2017-06-07;16:21;;;70;81;;14;31.8;33.8
2017-06-07;16:26;;;70;77;;11;32.5;32.6
2017-06-07;16:29;;;;84;;12;32.9;
2017-06-07;16:31;;;70;81;;;32.8;32.6
2017-06-07;16:36;;;70;81;;12;33.3;32.6
2017-06-07;16:41;;;74;81;;10;33.6;31.4
2017-06-07;16:46;;;74;81;;10;33.9;31.4
2017-06-07;16:47;;;;84;;12;34;
2017-06-07;16:50;;;;;;10;33.8;30.8
2017-06-07;16:51;;;74;;;;;
2017-06-07;16:53;;;77;81;;11;34.1;32.1
2017-06-07;16:56;;;;84;;;34;31.4
2017-06-07;16:57;;;;;;9;;
2017-06-07;17:01;;;77;81;;11;;
2017-06-07;17:01;;;;84;;12;34;31.4
2017-06-07;17:06;;;80;74;;10;34;31.4
2017-06-07;17:11;;;80;84;;12;34.3;32.1
2017-06-07;17:13;;;83;77;;11;;31.5
2017-06-07;17:14;;;;74;;10;;
2017-06-07;17:16;;;;81;;11;34.3;
2017-06-07;17:21;;;83;87;;11;34.3;32.1
2017-06-07;17:26;;;86;81;;9;34.3;32.7
2017-06-07;17:31;;;91;84;;10;34.3;32.1
2017-06-07;17:36;;;91;84;;10;34.2;32.1
2017-06-07;17:41;;;94;87;;10;34.1;32.7
2017-06-07;17:46;;;94;87;;9;34;32.1
2017-06-07;17:51;;;97;84;;11;33.8;32.7
2017-06-07;17:56;;;100;84;;11;33.6;33.3
2017-06-07;18:01;;;100;84;;9;33.5;32.7
2017-06-07;18:06;;;100;81;;10;33.2;32.6
2017-06-07;18:11;;;100;84;;9;33.1;33.9
2017-06-07;18:13;;;;;;10;32.9;33.2
2017-06-07;18:16;;;100;81;;;32.7;33.8
2017-06-07;18:21;;;100;81;;9;32.3;35.1
2017-06-07;18:26;;;100;77;;7;31.8;35
2017-06-07;18:31;;;100;81;;8;31.4;35.6
2017-06-07;18:32;;;;;;7;31.3;
2017-06-07;18:36;;;100;84;;9;30.9;36.2
2017-06-07;18:36;;;;;;;30.8;35.6
2017-06-07;18:39;;;;;;;30.6;36.2
2017-06-07;18:41;;;100;84;;8;30.4;
2017-06-07;18:46;;;100;68;;8;30.1;37.4
2017-06-07;18:48;;;;77;;;30;
2017-06-07;18:51;;;100;65;;11;29.8;37.3
2017-06-07;18:51;;;;74;;;;38
2017-06-07;18:56;;;100;77;;9;29.5;37.9
2017-06-07;18:58;;;;;;11;29.3;38.5
2017-06-07;19:01;;;100;84;;8;29.2;
2017-06-07;19:06;;;100;81;;9;29;38.5
2017-06-07;19:10;;;;84;;;28.5;39.7
2017-06-07;19:11;;;97;81;;8;;
2017-06-07;19:13;;;;;;11;28.1;40.3
2017-06-07;19:15;;;;;;10;28;
2017-06-07;19:16;;;97;77;;;27.9;
2017-06-07;19:18;;;;81;;11;27.6;40.9
2017-06-07;19:21;;;97;77;;;27.5;41.5
2017-06-07;19:21;;;;;;12;;40.9
2017-06-07;19:24;;;;74;;8;27.4;41.5
2017-06-07;19:26;;;97;77;;10;;40.9
2017-06-07;19:28;;;;71;;;27.3;42.1
2017-06-07;19:31;;;97;94;;9;27.2;
2017-06-07;19:36;;;94;94;;8;26.7;42.6
2017-06-07;19:37;;;97;;;;26.6;
2017-06-07;19:41;;;94;84;;10;;43.9
2017-06-07;19:44;;;;;;9;26.7;
2017-06-07;19:46;;;94;84;;10;26.8;43.9
2017-06-07;19:49;;;;;;9;26.9;43.3
2017-06-07;19:51;;;94;84;;10;27;
2017-06-07;19:56;;;94;84;;12;27;43.3
2017-06-07;20:01;;;94;87;;12;27.1;42.7
2017-06-07;20:06;;;94;81;;11;27.1;42.7
2017-06-07;20:11;;;91;90;;12;27;42.7
2017-06-07;20:13;;;94;87;;;;42.1
2017-06-07;20:16;;;91;84;;10;27;42.7
2017-06-07;20:17;;;;;;11;27.1;
2017-06-07;20:21;;;91;84;;;27;42.7
2017-06-07;20:26;;;91;77;;10;27;42.7
2017-06-07;20:31;;;91;84;;9;26.9;42.7
2017-06-07;20:31;;;;81;;8;;
2017-06-07;20:34;;;;;;9;26.8;
2017-06-07;20:36;;;91;84;;;26.9;43.3
2017-06-07;20:41;;;91;87;;10;26.9;43.3
2017-06-07;20:46;;;;;;;;
2017-06-07;20:46;;1;91;84;;8;26.8;42.7
2017-06-07;20:51;;;86;84;;9;26.8;42.7
2017-06-07;20:53;;;;;;;;43.3
2017-06-07;20:56;;1;86;87;;9;26.7;
2017-06-07;20:56;;;;;;;;
2017-06-07;21:01;;;86;84;;9;26.7;43.3
2017-06-07;21:01;;;100;;;10;;43.9
2017-06-07;21:06;;;;81;;9;27.5;42.7
2017-06-07;21:09;;;100;;;11;28;41.5
2017-06-07;21:11;;;;81;;10;28.2;
2017-06-07;21:13;;;;84;;12;28.5;41
2017-06-07;21:13;;;;;;11;;40.3
2017-06-07;21:14;;;97;;;;;41
2017-06-07;21:16;;;94;90;;8;28.3;41.6
2017-06-07;21:16;;;;84;;9;28.1;42.2
2017-06-07;21:21;;;94;;;11;27.8;42.1
2017-06-07;21:22;;;;74;;9;27.7;
2017-06-07;21:26;;;94;84;;;27.4;43.3
2017-06-07;21:31;;;94;87;;9;27.1;43.9
2017-06-07;21:36;;;94;87;;9;26.8;45.1
2017-06-07;21:41;;;91;87;;10;26.6;45.1
2017-06-07;21:46;;;91;84;;11;26.5;45.1
2017-06-07;21:51;;;91;81;;10;26.3;45.7
2017-06-07;21:56;;;91;81;;9;26.3;46.3
2017-06-07;22:01;;;91;84;;9;26.2;46.3
2017-06-07;22:06;;;91;81;;9;26.1;46.3
2017-06-07;22:07;;;;77;;10;;45.7
2017-06-07;22:11;;;91;84;;11;26.1;46.3
2017-06-07;22:13;;;;90;;9;;45.7
2017-06-07;22:16;;;91;81;;10;26;46.3
2017-06-07;22:21;;;86;84;;8;26;46.3
2017-06-07;22:23;;;91;;;7;;45.7
2017-06-07;22:26;;;;84;;10;26;46.9
2017-06-07;22:31;;;86;77;;8;25.9;46.9
2017-06-07;22:36;;;86;74;;9;25.9;46.9
2017-06-07;22:41;;;86;74;;9;25.9;47.5
2017-06-07;22:46;;;86;77;;10;25.9;47.5
2017-06-07;22:51;;;86;77;;13;25.9;47.5
2017-06-07;22:56;;;86;74;;14;25.9;47.5
2017-06-07;23:01;;;86;77;;12;25.9;47.5
2017-06-07;23:06;;;86;74;;13;25.9;46.9
2017-06-07;23:11;;;86;74;;14;25.8;47.5
2017-06-07;23:13;;;;;;13;25.9;
2017-06-07;23:16;;;86;77;;11;;46.9
2017-06-07;23:21;;;86;77;;11;25.8;46.9
2017-06-07;23:26;;;86;77;;9;25.8;46.9
2017-06-07;23:31;;;86;77;;12;25.8;46.9
2017-06-07;23:35;;;86;81;;11;25.8;46.2
2017-06-07;23:41;;;86;77;;11;25.8;46.2
2017-06-07;23:46;;;83;77;;13;25.8;46.2
2017-06-07;23:50;;;86;77;;11;25.8;46.2
2017-06-07;23:56;;;83;77;;11;25.8;46.2
2017-06-08;00:00;;;83;77;;13;25.8;45.6
2017-06-08;00:05;;;83;74;;13;25.8;46.2
2017-06-08;00:10;;;83;74;;11;25.8;46.2
2017-06-08;00:13;;;;77;;10;;45.6
2017-06-08;00:15;;;83;74;;9;25.8;
2017-06-08;00:20;;;83;74;;8;25.8;45.6
2017-06-08;00:25;;;83;74;;8;25.8;45.6
2017-06-08;00:30;;;83;74;;10;25.7;45.6
2017-06-08;00:35;;;83;77;;12;25.7;46.2
2017-06-08;00:40;;;80;77;;13;25.7;45.6
2017-06-08;00:45;;;80;77;;15;25.6;45
2017-06-08;00:50;;;80;77;;14;25.6;45
2017-06-08;00:55;;;80;77;;12;25.6;45
2017-06-08;01:00;;;80;77;;15;25.6;45
2017-06-08;01:05;;;80;81;;10;25.6;45
2017-06-08;01:10;;;80;84;;12;25.6;45
2017-06-08;01:13;;;;;;13;;
2017-06-08;01:15;;;80;81;;14;25.6;44.4
2017-06-08;01:20;;;77;81;;12;25.6;45
2017-06-08;01:25;;;77;81;;10;25.6;44.4
2017-06-08;01:30;;;77;81;;12;25.6;45.6
2017-06-08;01:35;;;77;77;;14;25.6;45
2017-06-08;01:40;;;77;77;;13;25.5;44.4
2017-06-08;01:45;;;77;81;;11;25.5;43.8
2017-06-08;01:50;;;77;81;;12;25.5;45
2017-06-08;01:55;;;77;81;;13;25.5;45
2017-06-08;02:00;;;74;77;;13;25.5;44.4
2017-06-08;02:05;;;74;77;;13;25.5;44.4
2017-06-08;02:10;;;74;77;;13;25.5;44.4
2017-06-08;02:13;;;;81;;11;;
2017-06-08;02:15;;;74;77;;9;25.5;44.4
2017-06-08;02:20;;;74;81;;12;25.5;44.4
2017-06-08;02:25;;;74;81;;12;25.4;43.8
2017-06-08;02:30;;;74;77;;13;25.4;44.4
2017-06-08;02:35;;;74;74;;13;25.5;44.4
2017-06-08;02:40;;;74;74;;12;25.4;44.4
2017-06-08;02:45;;;74;77;;14;25.4;43.8
2017-06-08;02:50;;;74;81;;14;25.4;43.8
2017-06-08;02:55;;;74;77;;12;25.4;43.8
2017-06-08;03:00;;;74;81;;12;25.4;43.8
2017-06-08;03:05;;;74;81;;11;25.3;43.7
2017-06-08;03:10;;;74;77;;11;25.4;43.8
2017-06-08;03:13;;;;81;;12;;
2017-06-08;03:15;;;70;;;11;25.4;43.8
2017-06-08;03:20;;;70;81;;10;25.3;43.1
2017-06-08;03:25;;;70;77;;14;25.3;43.1
2017-06-08;03:30;;;70;77;;13;25.3;43.1
2017-06-08;03:35;;;70;81;;11;25.3;43.1
2017-06-08;03:40;;;70;77;;13;25.3;43.1
2017-06-08;03:45;;;70;77;;11;25.3;42.5
2017-06-08;03:50;;;70;77;;12;25.3;43.1
2017-06-08;03:55;;;70;77;;12;25.3;43.1
2017-06-08;04:00;;;70;74;;9;25.3;43.1
2017-06-08;04:05;;;70;74;;12;25.3;42.5
2017-06-08;04:10;;;70;74;;11;25.3;42.5
2017-06-08;04:13;;;;;;10;25.2;43.1
2017-06-08;04:15;;;70;77;;;;
2017-06-08;04:20;;;70;74;;12;25.2;42.5
2017-06-08;04:25;;;70;74;;11;25.3;42.5
2017-06-08;04:30;;;70;77;;10;25.2;42.5
2017-06-08;04:35;;;70;77;;11;25.2;42.5
2017-06-08;04:40;;;70;74;;11;25.2;43.1
2017-06-08;04:45;;;70;77;;10;25.2;42.5
2017-06-08;04:50;;;67;77;;10;25.2;42.5
2017-06-08;04:55;;;70;74;;10;25.2;42.5
2017-06-08;05:00;;;67;74;;7;25.2;43.1
2017-06-08;05:05;;;67;77;;11;25.2;42.5
2017-06-08;05:10;;;67;77;;9;25.1;42.5
2017-06-08;05:13;;;;;;8;;41.9
2017-06-08;05:15;;;67;77;;;25.2;
2017-06-08;05:20;;;67;77;;10;25.1;42.5
2017-06-08;05:25;;;67;71;;10;25.1;41.9
2017-06-08;05:30;;;67;71;;9;25.1;41.9
2017-06-08;05:35;;;67;74;;9;25.1;41.9
2017-06-08;05:40;;;67;77;;10;25.1;42.5
2017-06-08;05:45;;;67;74;;10;25.1;41.9
2017-06-08;05:50;;;67;81;;9;25.1;41.3
2017-06-08;05:55;;;67;77;;10;25.1;41.3
2017-06-08;06:00;;;67;81;;10;25.1;41.3
2017-06-08;06:05;;;67;74;;10;25.1;41.3
2017-06-08;06:10;;;67;74;;10;25.1;41.3
2017-06-08;06:12;;;;77;;11;;41.9
2017-06-08;06:13;;;;74;;6;;41.3
2017-06-08;06:15;;;67;71;;10;25.1;41.9
2017-06-08;06:20;;;67;71;;10;25.1;41.3
2017-06-08;06:25;;;;;;;;
2017-06-08;06:25;;1;67;74;;12;25.1;41.9
2017-06-08;06:28;;;64;77;;;25.2;
2017-06-08;06:30;;;;65;;10;;41.3
2017-06-08;06:35;3;;67;74;;8;25.3;41.9
2017-06-08;06:39;3;;64;71;;9;;40.7
2017-06-08;06:40;;;;;;10;25.3;41.3
2017-06-08;06:45;1;1;64;71;;8;25.3;41.9
2017-06-08;06:45;;;;;;;;
2017-06-08;06:46;;;;;;;;41.3
2017-06-08;06:49;;;;;;;;41.9
2017-06-08;06:50;;;64;71;;9;25.3;42.5
2017-06-08;06:55;;;64;71;;9;25.4;45
2017-06-08;06:56;;;;;;10;;
2017-06-08;06:59;;;;68;;9;25.5;46.2
2017-06-08;07:00;;;64;;;10;;43.8
2017-06-08;07:05;;;64;74;;10;25.5;43.8
2017-06-08;07:09;;;;77;;9;;
2017-06-08;07:10;;;64;;;;25.5;45.6
2017-06-08;07:13;;;;;;10;;45
2017-06-08;07:15;;;64;81;;9;25.5;
2017-06-08;07:18;;;;;;;;45.6
2017-06-08;07:20;;;64;81;;10;25.5;
2017-06-08;07:24;;;;77;;9;;45.6
2017-06-08;07:25;;;64;;;10;25.5;
2017-06-08;07:30;;;64;81;;9;25.5;45.6
2017-06-08;07:32;;;;;;10;;
2017-06-08;07:35;;;64;74;;9;25.5;46.2
2017-06-08;07:36;;;;77;;10;;
2017-06-08;07:39;;;;;;;;45.6
2017-06-08;07:40;;;64;;;11;25.5;
2017-06-08;07:45;;;64;74;;10;25.5;45.6
2017-06-08;07:47;;;;;;;;
2017-06-08;07:47;;1;;;;7;;
2017-06-08;07:50;3;;;84;;9;25;42.5
2017-06-08;07:50;2;;64;;;11;24.3;47.9
2017-06-08;07:55;75;;61;81;;14;19.7;42.6
2017-06-08;08:00;117;;61;55;;15;17.9;49.1
2017-06-08;08:05;126;;61;90;;17;17.5;57.5
2017-06-08;08:10;126;;61;81;;15;17.5;60.5
2017-06-08;08:13;70;;;100;;17;17.6;
2017-06-08;08:15;;1;61;77;;18;17.7;58.1
2017-06-08;08:15;;;;;;;;
2017-06-08;08:20;;;61;74;;17;17.8;57.6
2017-06-08;08:25;;;61;84;;17;17.9;58.2
2017-06-08;08:30;;;61;77;;17;18;58.8
2017-06-08;08:35;;;61;84;;18;18.1;58.2
2017-06-08;08:40;;;61;81;;19;18.3;58.8
2017-06-08;08:45;;;61;84;;19;18.3;58.2
2017-06-08;08:50;;;58;84;;16;18.5;60.1
2017-06-08;08:55;;;61;81;;17;18.6;60.1
2017-06-08;09:00;;;61;84;;19;18.8;60.1
2017-06-08;09:05;;;61;81;;19;19;60.7
2017-06-08;09:10;;;58;81;;19;19.1;60.7
2017-06-08;09:13;;;61;;;;19.2;60.8
2017-06-08;09:15;;;58;81;;19;19.3;61.4
2017-06-08;09:20;;;58;81;;18;19.4;61.4
2017-06-08;09:25;;;58;77;;19;19.5;61.4
2017-06-08;09:30;;;58;81;;17;19.7;62.6
2017-06-08;09:35;;;58;81;;19;19.9;62.1
2017-06-08;09:40;;;58;77;;20;20.1;62.7
2017-06-08;09:45;;;58;81;;19;20.3;62.7
2017-06-08;09:50;;;58;84;;20;20.5;63.4
2017-06-08;09:55;;;58;84;;20;20.8;62.8
2017-06-08;10:00;;;58;87;;20;21;63.4
2017-06-08;10:05;;;58;87;;18;21.3;63.5
2017-06-08;10:10;;;58;87;;18;21.5;63.5
2017-06-08;10:13;;;;;;19;21.6;62.9
2017-06-08;10:15;;;58;81;;;21.7;
2017-06-08;10:20;;;58;87;;19;22;63.6
2017-06-08;10:25;;;58;87;;19;22.3;63
2017-06-08;10:30;;;58;87;;17;22.6;63
2017-06-08;10:35;;;58;84;;21;22.8;62.4
2017-06-08;10:40;;;58;84;;18;23;62.5
2017-06-08;10:45;;;58;84;;19;23.3;62.5
2017-06-08;10:50;;;58;84;;20;23.5;62.5
2017-06-08;10:55;;;55;87;;18;23.8;62.6
2017-06-08;11:00;;;55;84;;17;24;62.6
2017-06-08;11:05;;;55;87;;17;24.4;62.7
2017-06-08;11:10;;;55;84;;18;24.7;61.5
2017-06-08;11:13;;;;87;;;24.9;
2017-06-08;11:15;;;55;;;19;25;60.9
2017-06-08;11:20;;;55;84;;19;25.3;60.9
2017-06-08;11:25;;;55;84;;20;25.6;60.4
2017-06-08;11:30;;;55;84;;20;25.9;59.8
2017-06-08;11:35;;;55;84;;20;26.2;59.2
2017-06-08;11:40;;;55;87;;19;26.5;59.3
2017-06-08;11:45;;;55;84;;20;26.7;59.9
2017-06-08;11:50;;;55;84;;18;26.9;59.3
2017-06-08;11:55;;;55;84;;18;27;58.7
2017-06-08;12:00;;;55;84;;16;27.1;59.3
2017-06-08;12:05;;;55;81;;17;27.3;58.7
2017-06-08;12:10;;;55;84;;17;27.6;58.8
2017-06-08;12:13;;;;;;18;27.7;58.2
2017-06-08;12:15;;;55;84;;19;27.8;58.8
2017-06-08;12:20;;;55;84;;19;28;58.2
2017-06-08;12:25;;;50;84;;19;28.3;58.2
2017-06-08;12:30;;;50;81;;17;28.4;57.6
2017-06-08;12:35;;;50;81;;18;28.6;58.3
2017-06-08;12:40;;;50;81;;17;28.7;58.3
2017-06-08;12:45;;;50;81;;17;28.9;58.3
2017-06-08;12:50;;;50;84;;15;29.1;57.7
2017-06-08;12:55;;;50;84;;18;29.4;57.1
2017-06-08;13:00;;;50;81;;19;29.8;57.2
2017-06-08;13:05;;;50;84;;16;30.1;56.6
2017-06-08;13:10;;;50;77;;17;30.3;56
2017-06-08;13:13;;;;81;;;30.5;
2017-06-08;13:15;;;50;84;;17;30.6;55.4
2017-06-08;13:20;;;50;87;;16;30.8;55.5
2017-06-08;13:25;;;50;84;;18;31.1;55.5
2017-06-08;13:30;;;48;84;;18;31.5;54.9
2017-06-08;13:35;;;48;74;;17;31.8;54.3
2017-06-08;13:40;;;48;84;;17;32;54.4
2017-06-08;13:45;;;48;81;;17;32.1;53.7
2017-06-08;13:50;;;48;65;;18;32.3;41.9
2017-06-08;13:55;;;48;81;;18;32.3;48.8
2017-06-08;14:00;;;48;81;;18;32.2;49.4
2017-06-08;14:05;;;48;81;;17;32.3;50
2017-06-08;14:10;;;48;81;;16;32.5;50
2017-06-08;14:13;;;;87;;;32.6;50.7
2017-06-08;14:15;;;48;84;;16;32.8;51.3
2017-06-08;14:20;;;39;81;;16;33;51.4
2017-06-08;14:25;;;48;81;;16;33.1;51.4
2017-06-08;14:30;;;48;81;;17;33.2;51.4
2017-06-08;14:35;;;48;74;;16;33.4;50.8
2017-06-08;14:40;;;48;77;;17;33.6;51.4
2017-06-08;14:45;;;48;77;;16;33.8;50.8
2017-06-08;14:50;;;48;81;;16;34;50.2
2017-06-08;14:55;;;48;81;;15;34.3;50.2
2017-06-08;15:00;;;48;84;;14;34.5;50.3
2017-06-08;15:05;;;48;81;;15;34.8;49
2017-06-08;15:10;;;48;74;;14;35;48.4
2017-06-08;15:13;;;;;;15;35.1;48.5
2017-06-08;15:15;;;48;77;;;35.2;
2017-06-08;15:20;;;39;84;;15;35.3;48.5
2017-06-08;15:25;;;48;84;;15;35.4;47.9
2017-06-08;15:30;;;39;81;;15;35.5;47.2
2017-06-08;15:35;;;;;;;;
2017-06-08;15:35;;1;39;84;;13;35.6;47.3
2017-06-08;15:40;36;;39;90;;14;36.1;29.7
2017-06-08;15:45;127;;39;42;;16;36.8;22.2
2017-06-08;15:50;22;;39;74;;14;36.7;19.7
2017-06-08;15:55;39;;39;100;;16;36.1;17.7
2017-06-08;16:00;13;;39;87;;15;35.5;19
2017-06-08;16:05;;;39;68;;14;35.2;21.5
2017-06-08;16:10;56;;39;100;;15;34.9;19.6
2017-06-08;16:13;96;;;;;;34.8;22.7
2017-06-08;16:15;47;;39;100;;14;;23.3
2017-06-08;16:20;;1;39;90;;17;34.7;24
2017-06-08;16:20;;;;;;;;
2017-06-08;16:25;;;39;94;;15;34.6;24
2017-06-08;16:30;;;39;81;;15;34.5;25.2
2017-06-08;16:35;;;39;94;;15;34.4;25.2
2017-06-08;16:40;;;;;;;;
2017-06-08;16:40;;1;39;94;;16;34.3;25.8
2017-06-08;16:45;;;39;87;;16;34.5;21.4
2017-06-08;16:50;;1;39;100;;15;34.1;20.2
2017-06-08;16:50;;;;;;;;
2017-06-08;16:55;;;39;90;;16;34.2;21.4
2017-06-08;17:00;;;;;;;;
2017-06-08;17:00;23;1;39;90;;15;34.3;21.4
2017-06-08;17:05;12;;39;90;;16;33.8;19.5
2017-06-08;17:10;;;39;94;;16;33.1;20.1
2017-06-08;17:13;;1;;;;14;33.3;20.8
2017-06-08;17:13;;;;;;;;
2017-06-08;17:15;;;39;94;;15;33.4;
2017-06-08;17:20;;;39;87;;14;33.5;22
2017-06-08;17:25;;;39;97;;15;33.4;22
2017-06-08;17:30;;;39;100;;14;33.5;22.6
2017-06-08;17:35;;;39;94;;14;33.4;22
2017-06-08;17:40;;;39;100;;14;33.3;23.9
2017-06-08;17:45;;;39;100;;12;33.2;22.6
2017-06-08;17:50;;;39;100;;12;33;23.2
2017-06-08;17:55;;;39;97;;13;32.8;24.5
2017-06-08;18:00;;;39;100;;13;32.6;25.1
2017-06-08;18:05;;;39;100;;13;32.3;25.1
2017-06-08;18:10;;;39;97;;14;32;25.7
2017-06-08;18:13;;;;;;;31.9;
2017-06-08;18:15;;;39;100;;14;31.8;25.7
2017-06-08;18:17;;;;;;;;
2017-06-08;18:17;;1;;97;;15;31.6;26.3
2017-06-08;18:20;;;39;65;;13;29.6;28.7
2017-06-08;18:21;;;30;61;;15;29.5;29.3
2017-06-08;18:24;;;39;100;;16;29.1;29.2
2017-06-08;18:25;;;30;;;;;32.3
2017-06-08;18:27;31;;;74;;17;28.8;30.5
2017-06-08;18:30;;;39;100;;14;28.5;29.8
2017-06-08;18:31;;;;;;15;28.3;29.2
2017-06-08;18:35;10;;;97;;16;27.8;36.6
2017-06-08;18:35;;;39;;;;;36
2017-06-08;18:38;;;30;87;;19;27.6;35.9
2017-06-08;18:40;;;;100;;15;;
2017-06-08;18:41;67;;;74;;18;;
2017-06-08;18:44;36;;30;55;;13;27.6;34.7
2017-06-08;18:45;5;;;81;;19;27.3;31
2017-06-08;18:47;;1;;71;;17;26;36.4
2017-06-08;18:47;;;;;;;;
2017-06-08;18:50;;;30;100;;13;25.8;37
2017-06-08;18:50;;;;94;;;;
2017-06-08;18:55;;;30;100;;12;25.5;37.6
2017-06-08;18:59;;;;;;11;25.4;
2017-06-08;19:00;;;30;100;;10;25.3;38.2
2017-06-08;19:02;;;;;;16;;38.8
2017-06-08;19:05;;;30;100;;14;25.2;40
2017-06-08;19:05;;;;;;12;;39.4
2017-06-08;19:09;;;;;;15;25;
2017-06-08;19:10;;;30;100;;;;40
2017-06-08;19:13;;;;;;;;39.4
2017-06-08;19:15;;;30;100;;11;25;40.6
2017-06-08;19:20;;;30;100;;11;25;39.4
2017-06-08;19:24;;;;;;13;25.1;40
2017-06-08;19:25;;;30;100;;;;40.7
2017-06-08;19:30;;;30;100;;11;25;38.8
2017-06-08;19:35;;;30;100;;11;25;38.8
2017-06-08;19:40;;;30;100;;11;25.1;38.8
2017-06-08;19:45;;;30;100;;12;25.1;40
2017-06-08;19:50;;;25;100;;12;25.1;39.4
2017-06-08;19:55;;;30;100;;14;25.1;39.4
2017-06-08;20:00;;;30;100;;15;24.9;40
2017-06-08;20:05;;;30;100;;11;24.8;40.6
2017-06-08;20:10;;;30;100;;12;24.8;42.5
2017-06-08;20:13;;;;;;11;;40.6
2017-06-08;20:15;;;30;100;;;24.8;41.2
2017-06-08;20:20;;;25;100;;12;24.7;41.8
2017-06-08;20:25;;;30;100;;13;24.7;41.2
2017-06-08;20:30;;;30;100;;9;24.6;42.4
2017-06-08;20:30;;;;;;8;;41.8
2017-06-08;20:35;;;30;100;;11;24.7;
2017-06-08;20:40;;;30;100;;10;24.6;40.6
2017-06-08;20:45;;;30;100;;10;24.6;40.6
2017-06-08;20:50;;;30;100;;9;24.6;43.7
2017-06-08;20:55;;;30;100;;7;24.8;43.1
2017-06-08;21:00;;;30;100;;9;24.8;43.7
2017-06-08;21:05;;;30;100;;10;24.8;44.9
2017-06-08;21:10;;;30;100;;10;24.8;44.3
2017-06-08;21:13;;;;;;8;;
2017-06-08;21:15;;;30;100;;9;24.8;44.3
2017-06-08;21:20;;;30;100;;10;24.8;43.7
2017-06-08;21:25;;;30;100;;11;24.8;44.3
2017-06-08;21:30;;;30;100;;11;24.8;44.3
2017-06-08;21:35;;;30;100;;10;24.7;44.3
2017-06-08;21:39;;;;;;15;;
2017-06-08;21:40;;;30;100;;;24.7;44.3
2017-06-08;21:45;;;30;100;;12;24.8;46.1
2017-06-08;21:45;;;;;;;;45.5
2017-06-08;21:50;;;30;100;;11;24.8;46.1
2017-06-08;21:55;;;30;100;;11;24.8;46.1
2017-06-08;22:00;;;30;100;;12;24.8;45.5
2017-06-08;22:05;;;30;100;;14;24.8;46.1
2017-06-08;22:10;;;30;100;;13;24.8;46.8
2017-06-08;22:10;;;;;;15;;
2017-06-08;22:13;;;;;;11;;
2017-06-08;22:15;;;30;100;;;24.8;46.8
2017-06-08;22:20;;;30;100;;11;24.8;46.8
2017-06-08;22:25;;;30;100;;13;24.8;46.8
2017-06-08;22:30;;;30;100;;14;24.7;46.8
2017-06-08;22:30;;;;;;13;;46.1
2017-06-08;22:35;;;30;100;;12;24.7;
2017-06-08;22:40;;;30;100;;13;24.6;46.7
2017-06-08;22:45;;;30;100;;12;24.6;46.1
2017-06-08;22:48;;;;;;13;;46.7
2017-06-08;22:50;;;30;100;;15;24.6;47.4
2017-06-08;22:55;;;30;100;;11;24.6;46.7
2017-06-08;23:00;;;30;100;;16;24.5;43.7
2017-06-08;23:05;;;30;100;;11;24.5;46.7
2017-06-08;23:10;;;30;100;;10;24.5;46.7
2017-06-08;23:13;;;;;;;;47.3
2017-06-08;23:15;;;30;100;;9;24.5;46.7
2017-06-08;23:20;;;30;100;;10;24.5;46.1
2017-06-08;23:25;;;30;100;;10;24.5;46.7
2017-06-08;23:30;;;30;100;;11;24.5;46.7
2017-06-08;23:35;;;30;100;;11;24.5;46.1
2017-06-08;23:40;;;30;100;;13;24.5;46.1
2017-06-08;23:45;;;30;100;;13;24.5;46.7
2017-06-08;23:50;;;30;100;;11;24.5;45.5
2017-06-08;23:55;;;30;100;;15;24.5;46.7
2017-06-09;00:00;;;30;100;;14;24.4;46.7
2017-06-09;00:05;;;30;100;;15;24.4;46.7
2017-06-09;00:10;;;30;100;;16;24.5;47.3
2017-06-09;00:13;;;;;;14;24.4;
2017-06-09;00:15;;;30;100;;15;24.5;47.3
2017-06-09;00:20;;;30;100;;14;24.5;47.3
2017-06-09;00:25;;;30;100;;15;24.5;48
2017-06-09;00:30;;;25;100;;14;24.5;48
2017-06-09;00:35;;;25;100;;10;24.5;46.7
2017-06-09;00:40;;;25;100;;13;24.4;47.9
2017-06-09;00:45;;;25;100;;13;24.4;47.3
2017-06-09;00:50;;;25;100;;13;24.5;47.3
2017-06-09;00:55;;;25;100;;14;24.5;48.6
2017-06-09;01:00;;;25;100;;14;24.5;48.6
2017-06-09;01:05;;;25;100;;13;24.5;49.2
2017-06-09;01:10;;;25;100;;15;24.5;48
2017-06-09;01:13;;;;;;14;24.4;48.6
2017-06-09;01:15;;;25;100;;;;47.9
2017-06-09;01:20;;;25;100;;12;24.4;47.3
2017-06-09;01:25;;;25;100;;14;24.4;47.3
2017-06-09;01:30;;;25;100;;15;24.4;47.3
2017-06-09;01:35;;;21;100;;15;24.4;47.3
2017-06-09;01:40;;;25;100;;11;24.4;48.6
2017-06-09;01:44;;;25;100;;12;24.3;47.9
2017-06-09;01:50;;;25;100;;12;24.3;47.9
2017-06-09;01:55;;;25;97;;13;24.3;47.9
2017-06-09;01:59;;;25;100;;15;24.3;48.6
2017-06-09;02:04;;;25;100;;16;24.3;48.6
2017-06-09;02:09;;;25;97;;14;24.3;49.2
2017-06-09;02:13;;;;;;15;;47.9
2017-06-09;02:15;;;25;97;;;24.3;48.6
2017-06-09;02:19;;;25;97;;13;24.3;47.9
2017-06-09;02:24;;;25;97;;12;24.3;47.9
2017-06-09;02:29;;;25;97;;14;24.3;48.6
2017-06-09;02:34;;;25;97;;12;24.3;48.6
2017-06-09;02:39;;;25;100;;10;24.3;48.6
2017-06-09;02:44;;;25;100;;10;24.3;48.6
2017-06-09;02:49;;;25;100;;9;24.3;48.6
2017-06-09;02:54;;;25;97;;8;24.2;47.9
2017-06-09;02:59;;;25;100;;11;24.2;48.5
2017-06-09;03:04;;;21;100;;8;24.2;47.9
2017-06-09;03:09;;;21;100;;10;24.2;47.9
2017-06-09;03:14;;;21;97;;12;24.2;47.9
2017-06-09;03:19;;;21;100;;12;24.2;47.9
2017-06-09;03:24;;;21;100;;12;24.1;47.9
2017-06-09;03:29;;;21;100;;11;24.1;47.9
2017-06-09;03:34;;;21;100;;13;24.1;48.5
2017-06-09;03:39;;;21;100;;13;24.1;47.9
2017-06-09;03:44;;;21;100;;12;24.1;47.3
2017-06-09;03:49;;;21;100;;12;24.1;47.9
2017-06-09;03:54;;;21;100;;10;24.1;47.9
2017-06-09;03:59;;;21;100;;12;24;47.9
2017-06-09;04:04;;;21;100;;12;24;46.7
2017-06-09;04:09;;;21;100;;12;24;46.7
2017-06-09;04:13;;;19;;;10;;
2017-06-09;04:14;;;;100;;;24;47.3
2017-06-09;04:19;;;19;100;;10;24;46.7
2017-06-09;04:24;;;19;100;;11;24;47.3
2017-06-09;04:29;;;19;100;;9;23.9;47.3
2017-06-09;04:34;;;19;100;;10;23.9;46.7
2017-06-09;04:39;;;19;100;;9;23.8;47.3
2017-06-09;04:44;;;19;97;;11;23.8;46.7
2017-06-09;04:49;;;19;97;;9;23.9;46.1
2017-06-09;04:54;;;19;100;;13;23.8;47.3
2017-06-09;04:59;;;19;100;;11;23.8;47.3
2017-06-09;05:04;;;19;100;;11;23.8;47.3
2017-06-09;05:09;;;17;100;;9;23.8;47.9
2017-06-09;05:13;;;;;;10;;47.3
2017-06-09;05:14;;;17;100;;11;23.8;46.7
2017-06-09;05:19;;;17;97;;8;24;46.7
2017-06-09;05:24;;;17;100;;10;24;46.7
2017-06-09;05:29;;;17;100;;10;24;46.1
2017-06-09;05:34;;;17;100;;11;24;45.5
2017-06-09;05:39;;;17;100;;11;24.1;46.1
2017-06-09;05:44;;;17;100;;9;24.2;45.5
2017-06-09;05:49;;;17;100;;10;24.3;45.5
2017-06-09;05:54;;;17;100;;10;24.5;45.5
2017-06-09;05:59;;;17;100;;11;24.5;44.9
2017-06-09;06:04;;;17;100;;10;24.7;44.3
2017-06-09;06:09;;;17;100;;10;24.8;43.1
2017-06-09;06:13;;;;;;11;24.9;42.5
2017-06-09;06:14;;;17;100;;12;25;
2017-06-09;06:19;;;17;97;;11;25.1;40.7
2017-06-09;06:24;;;17;97;;11;25.4;39.5
2017-06-09;06:29;;;17;97;;14;26;38.3
2017-06-09;06:34;;;17;97;;12;26.7;38.3
2017-06-09;06:39;;;17;100;;11;27.3;37.1
2017-06-09;06:44;;;17;100;;11;27.5;37.8
2017-06-09;06:49;;;17;100;;9;27.8;36.6
2017-06-09;06:54;;;17;97;;13;28;36
2017-06-09;06:57;;;;100;;12;28.1;35.4
2017-06-09;06:59;;;17;;;;28.3;37.2
2017-06-09;07:04;;;17;100;;11;28.5;36
2017-06-09;07:09;;;17;100;;12;28.6;37.3
2017-06-09;07:13;;;;;;;28;38.4
2017-06-09;07:14;;;17;100;;12;27.8;39
2017-06-09;07:19;;;17;100;;12;27.4;39.6
2017-06-09;07:24;;;17;100;;12;27.3;41.5
2017-06-09;07:29;;;17;100;;11;27.3;42.1
2017-06-09;07:34;;;17;100;;12;27.3;42.1
2017-06-09;07:39;;;17;100;;13;27.5;42.7
2017-06-09;07:44;;;17;100;;13;27.4;37.8
2017-06-09;07:49;;;17;100;;12;27.3;35.9
2017-06-09;07:54;;;17;100;;11;27.3;35.9
2017-06-09;07:59;;;17;100;;11;27.3;34.7
2017-06-09;08:04;;;15;;;;;
2017-06-09;08:04;;;17;100;;10;27.3;34.7
2017-06-09;08:09;;;15;100;;12;27.5;34.7
2017-06-09;08:10;;;;;;;;35.3
2017-06-09;08:13;;;;;;13;27.6;35.9
2017-06-09;08:14;;;15;100;;;;
2017-06-09;08:19;;;;;;13;27.8;37.2
2017-06-09;08:19;;;15;100;;11;;36.6
2017-06-09;08:22;;;;;;13;27.9;37.8
2017-06-09;08:24;;;15;100;;11;28.1;
2017-06-09;08:25;;;;;;10;;38.4
2017-06-09;08:28;;;;;;12;28.2;37.2
2017-06-09;08:29;;;15;87;;10;;39.1
2017-06-09;08:34;;;13;87;;10;28.1;38.4
2017-06-09;08:34;;;;;;9;;39.1
2017-06-09;08:39;;;13;90;;9;28.3;37.8
2017-06-09;08:44;;;11;87;;;;38.5
2017-06-09;08:44;;;;;;;;
2017-06-09;08:44;;1;;71;;13;28.3;37.8
2017-06-09;08:49;;;11;65;;7;28.3;36.6
2017-06-09;08:54;;;9;100;;15;28.3;36.6
2017-06-09;08:57;9;;;84;;13;;
2017-06-09;08:59;;;7;100;;14;28.3;35.4
2017-06-09;09:02;2;1;;;;;28;34.7
2017-06-09;09:02;;;;;;;;
2017-06-09;09:04;;;7;100;;;27.9;35.3
2017-06-09;09:09;;;5;100;;;27.7;35.3
2017-06-09;09:13;;;;;;;27.6;35.9
2017-06-09;09:14;;;5;100;;;27.5;35.3
2017-06-09;09:19;;;3;100;;;27.5;35.9
2017-06-09;09:24;;;;100;;;27.3;34.7
2017-06-09;09:29;;;;100;;;27.2;35.3
2017-06-09;09:29;;;;;;;;34.7
2017-06-09;09:32;;;;;;;26.7;33.4
2017-06-09;09:34;;;;100;;;26.3;34
2017-06-09;09:36;;;;;;;26.1;34.6
2017-06-09;09:39;;;;100;;;25.8;35.8
2017-06-09;09:39;;;;;;;25.7;35.2
2017-06-09;09:42;;;;;;;25.5;35.8
2017-06-09;09:44;;;;100;;;25.3;36.4
2017-06-09;09:45;;;;;;7;;
2017-06-09;09:48;;;;;;8;25.1;37
2017-06-09;09:49;;;;100;;7;;36.4
2017-06-09;09:51;;;;;;6;;37
2017-06-09;09:54;;;;100;;7;25;36.3
2017-06-09;09:54;;;;;;;;37
2017-06-09;09:59;;;;100;;8;25;35.7
2017-06-09;10:01;;;;;;;24.9;
